,Last Name,First Name,height,weight,bmi
0,Bacot,Armando,83,240,24.489351949227935
1,Davis,RJ,72,180,24.40786249685059
2,Cadeau,Elliot,73,180,23.743734130920142
3,Martinez,Sofia,53,127,22.098445595854922
4,Johnson,Liam,58,158,22.724403484408693
5,Kim,Minji,50,119,22.471910112359550
6,Patel,Aarav,56,149,22.985395998139765
7,Carter,Olivia,54,143,23.875114784205696
8,Smith,Ethan,60,176,23.888440980820138
9,Rivera,Isabella,52,130,23.046874999999996